{
  "project_info": {
    "project_number": "433303097823",
    "firebase_url": "https://dashyy-v2.firebaseio.com",
    "project_id": "dashyy-v2",
    "storage_bucket": "dashyy-v2.appspot.com"
  },
  "client": [
    {
      "client_info": {
        "mobilesdk_app_id": "1:433303097823:android:78ae8e102c1d66501f346a",
        "android_client_info": {
          "package_name": "cs7455.team5.dashyy"
        }
      },
      "oauth_client": [
        {
          "client_id": "433303097823-tlvejcdukj5ghf25hoqsfin5kqehtcnm.apps.googleusercontent.com",
          "client_type": 3
        }
      ],
      "api_key": [
        {
          "current_key": "AIzaSyCnEb8FnHyqu6sUK4FgsV5x0rkd8g8_5KU"
        }
      ],
      "services": {
        "appinvite_service": {
          "other_platform_oauth_client": [
            {
              "client_id": "433303097823-tlvejcdukj5ghf25hoqsfin5kqehtcnm.apps.googleusercontent.com",
              "client_type": 3
            }
          ]
        }
      }
    }
  ],
  "configuration_version": "1"
}